<data>
    <case>
        <case_name>登陆成功</case_name>
        <phone>15321919666</phone>
        <password>123456</password>
        <message>响应成功</message>
        <state>1</state>
    </case>
    <case>
        <case_name>密码错误</case_name>
        <phone>15321919666</phone>
        <password>1234567</password>
        <message>用户名密码错误</message>
        <state>206</state>
    </case>
    <case>
        <case_name>用户名不存在</case_name>
        <phone>15321919667</phone>
        <password>123456</password>
        <message>用户名密码错误</message>
        <state>206</state>
    </case>
    <case>
        <case_name>密码为null</case_name>
        <phone>15321919666</phone>
        <password>null</password>
        <message>用户名密码错误</message>
        <state>206</state>
    </case>
    <case>
        <case_name>账号为null</case_name>
        <phone>null</phone>
        <password>1234567</password>
        <message>用户名密码错误</message>
        <state>206</state>
    </case>
</data>