[
  {
    "case_name": "登陆成功",
    "phone": "15321919666",
    "password": "123456",
    "message": "响应成功",
    "state": 1
  },
  {
    "case_name": "密码错误",
    "phone": "15321919666",
    "password": "1234567",
    "message": "用户名密码错误",
    "state":206
  },
  {
    "case_name": "用户名不存在",
    "phone": "15321919667",
    "password": "123456",
    "message": "用户名密码错误",
    "state":206
  },
  {
    "case_name": "密码为null",
    "phone": "15321919666",
    "password": "null",
    "message": "用户名密码错误",
    "state":206
  },
  {
    "case_name": "账号为null",
    "phone": "null",
    "password": "1234567",
    "message": "用户名密码错误",
    "state":206
  }
]